comment,created_at,attitudes,platform
China Tensions Put Japanâ€™s Islands on the Frontline #china #Japan #taiwan,2025-12-09,44,youtube
Japan is learning from India about how to Fight China #Japan #China #India,2025-12-08,387,youtube
China tells Japan to stop 'irresponsible hype' over radar incident | East Asia Tonight (Dec 8),2025-12-08,327,youtube
Fighter Jet Standoff: How Japan & China Came Close to A Potential Conflict | Vantage | Palki Sharma,2025-12-08,219,youtube
China-Japan Mid-air Faceoff: Beijing Explains Why JF-15 Jet Locked Radar On F-15 | 'HALT HARASSMENT',2025-12-08,216,youtube
Beijing's 'Sun Tzu' Policy: Xi's Warfare Strategy In Spotlight Amid China-Japan Tensions Over Taiwan,2025-12-08,430,youtube
"China-Japan Tensions: Japan Accuses Chinese Jets Of Radar 'Lock' Near Okinawa, China Refutes Claim",2025-12-08,43,youtube
China & Russia Test East Asiaâ€™s Nerves â€” Skies Heat Up Near South Korea | Vantage with Palki Sharma,2025-12-09,349,youtube
Japan-China Tensions Rise as Tokyo Accuses Chinese Jets of Radar Lock | WION,2025-12-07,100,youtube
China Jets Lock Radar On Japan F-15 Planes Twice? Tensions Escalate Near Miyako Strait | Watch,2025-12-08,47,youtube
China Jets Lock Radars on Japan During Liaoning Carrier Drills Near Okinawa | Taiwan Talks EP729,2025-12-09,263,youtube
China expresses strong opposition to Japan over Liaoning drills,2025-12-08,488,youtube
China-Japan Fight Explodes Mid-air As Chinese J-15 Jet Locks Radar To Fire At JapaneseÂ Aircraft,2025-12-07,368,youtube
Rising tensions between China and Japan over Taiwan | DW News,2025-11-18,381,youtube
Japan reacts to China's travel warning,2025-11-17,359,youtube
"Japan-China diplomatic flare-up 'just starting,' says analyst",2025-11-21,393,youtube
Japan warns China after radar lock incident near disputed islands,2025-12-07,257,youtube
"JAPAN, CHINA ON EDGE: Radar Lock Standoff Pushes Beijingâ€“Tokyo to Breaking Point | Times Now World",2025-12-09,64,youtube
"China Japan Clash Could Drag on For Years, Taiwan Says",2025-12-02,420,youtube
Why China is ramping up its retaliation on Japan over Taiwan,2025-11-26,225,youtube
"After Scaring Japan Fighter Jets, China-Russia Joint Missile War Move Spooks West?| Ukraine| Taiwan",2025-12-08,250,youtube
"Taiwan, Japan voice concern over Chinese military",2025-12-07,185,youtube
"China Japan Clash Over 'Fighter Jet Radar Lock', Xi Declares War On Takaichi? | Crux Decode | 4K",2025-12-09,91,youtube
China-Japan Push Region to Brink of All-Out War,2025-12-08,464,youtube
à¤šà¥€à¤¨ à¤•à¥€ à¤¨à¤¿à¤¯à¤¤ à¤•à¤¾ à¤…à¤‚à¤¤ à¤¨à¤¹à¥€à¤‚! #shorts #shortsfeed #china #japan #taiwan #news #asia #tension #asiannews,2025-12-07,391,youtube
Japan Says It Is â€˜Closely Monitoringâ€™ Chinese Military Movements in Region | APT,2025-12-05,322,youtube
"As France Threatens To CANCEL China's Exports, Japan Begins To Trigger U.S. Bond Crash",2025-12-09,201,youtube
China vs Japan: The Senkaku Islands Naval Standoff EXPLAINED #shorts,2025-12-06,412,youtube
"Xi Goes To War? China 'Locks Radar' On Japan F-15s, 'Fires Flares' At Philippine Jet | Takaichi | 4K",2025-12-07,273,youtube
China threatens more countermeasures over Japan PM's Taiwan remarks | The World | ABC NEWS,2025-11-19,222,youtube
Japan Vs China Air Battle Begins? Takaechi's Jets Roar To Intercept 'Xi's Drones' | Taiwan Tensions,2025-12-01,225,youtube
China-Japan Tensions: China Asks Japan to Take Concrete Steps to Stabilise Bilateral Ties | WION,2025-11-22,113,youtube
How Did China React to Japanâ€™s Warning?,2025-11-18,46,youtube
Chinaâ€“Japan Tension Risesâ€¦ and Australia Steps In!,2025-12-09,277,youtube
Japanâ€™s Missile Shift Sparks Fresh Questions Over Chinaâ€“Taiwan Tensions | Japan China News | 4K,2025-11-25,444,youtube
China-Japan Standoff: Military Tensions Flare Over Disputed Islands | Vantage with Palki Sharma,2025-12-02,31,youtube
Japan-China tensions spill over to Japanese seafood industry,2025-11-20,430,youtube
China-Japan Tensions | China Liaoning Carrier Launches 100 Aircraft Near Japan After Radar Threat,2025-12-08,414,youtube
China-Japan feud intensifies: Row affecting businesses in both countries,2025-11-21,138,youtube
Chinaâ€“Japan Clash Erupts Over Takaichiâ€™s Taiwan Remark,2025-11-18,316,youtube
"As China-Japan spat escalates, Japan and Taiwan issue warnings",2025-11-19,82,youtube
China: Japan Will Suffer â€˜Crushing Defeatâ€™,2025-11-14,379,youtube
"China Targets Japanese Planes Near Okinawa, Tensions Escalate Across East Asia | 4K",2025-12-07,350,youtube
Japan & US Challenging Chinaâ€™s Red Lines over Taiwan ğŸ‡¯ğŸ‡µğŸ‡ºğŸ‡¸ğŸ‘‰ğŸ‡¨ğŸ‡³ğŸ”¥ / Parody,2025-11-15,177,youtube
China says 'no market' for Japan seafood imports amid Taiwan spat â€¢ FRANCE 24 English,2025-11-19,34,youtube
China-Japan Diplomatic Row Starts To Take an Economic Tollï½œTaiwanPlus News,2025-11-18,486,youtube
China-Japan Fight Over Taiwan Hits UN Stage: Explained | Sanae Takaichi News,2025-11-24,223,youtube
Japan warning its citizens to use precautions in China,2025-11-18,447,youtube
Japan Pushes China Too Far: Takaichi Starts Taiwan Fury,2025-12-04,339,youtube
China vs Japan: On the High Seas | Vantage with Palki Sharma,2025-12-02,389,youtube
The fallout continues over Japan PM's Taiwan comments as China refuses to back down,2025-11-27,380,youtube
China summons Japan ambassador as war of words over Taiwan drags on | BBC News,2025-11-14,97,youtube
Is Japan's new PM Takaichi about to pick a fight with China over Taiwan? | DW News,2025-11-12,182,youtube
PM Lawrence Wong on Japan-China tensions,2025-11-20,233,youtube
China-Japan Tensions: China Says Its Coast Guard Vessels Conduct a 'Rights Enforcement Patrol',2025-11-16,249,youtube
China says Japan â€œcrossed a red lineâ€ with Taiwan military intervention remarks,2025-11-24,21,youtube
Tensions escalate as Japan's new PM sparks war of words with China over Taiwan remarks,2025-11-17,273,youtube
â€˜Prepared to use forceâ€™: Tensions escalate between China and Japan,2025-11-28,77,youtube
Will China nuke Japan over Taiwan?,2025-11-28,372,youtube
Japan's new prime minister clashes with China over Taiwan comments,2025-11-18,342,youtube
China: 'Japan Crossed Red Line' | Takaichi Urges Understanding & Cooperation | WION,2025-11-24,462,youtube
China issued a severe warning that Japan crossed the line with talk of Taiwan intervention,2025-11-24,373,youtube
Victor Gao: China 'should never allow' Japan to return to militarist past,2025-11-25,183,youtube
China-Japan Tensions: Chinese FM Wang Yi's Fresh Accusation Against Japanese PM Takaichi | WION,2025-11-24,484,youtube
Would Japan Save Taiwan from China?,2025-11-27,205,youtube
"China Gives 'Final Notice' To Japan's Takaichi To Retract Taiwan Remark, Xi Readies Warships",2025-12-05,163,youtube
Can Japanâ€™s tourism industry survive China tensions?,2025-11-19,453,youtube
Japan's tourism industry rattled by China travel boycott | The World | ABC NEWS,2025-11-26,185,youtube
All Eyes on Japan and China Tensions After Taiwan Remark | Big Take,2025-11-25,38,youtube
China & Japan Are In A War Of Words Over Taiwan | China-Japan Tensions | N18G,2025-11-17,235,youtube
"How one Taiwan comment reignited a fiery China-Japan feud - Asia Specific podcast, BBC World Service",2025-11-26,398,youtube
China Warns Japan: â€œCould Become Battlefieldâ€ Amid Rising Tensions | WION,2025-11-17,94,youtube
China-Japan Push Region to Brink of All-Out War | GRAVITAS HIGHTLIGHTS,2025-12-09,231,youtube
Japan sends diplomat amid rift over Takaichi's Taiwan commentsãƒ¼NHK WORLD-JAPAN NEWS,2025-11-17,65,youtube
China-Japan Tensions: Takaichi Softens Tone As Beijing Demands Answers | US Steps In,2025-11-26,343,youtube
Tensions between Japan-China escalate following Japan PM's remark on Taiwan,2025-11-18,238,youtube
Chinaâ€“Japan Clash Erupts Over Takaichiâ€™s Taiwan Remark,2025-11-18,165,youtube
"China Warns Japan's New PM Over Remarks On Taiwan, Trade Relations At Stake | Sanae Takaichi",2025-11-22,113,youtube
Chinaâ€“Japan Tensions Spike As Tokyo Accuses Beijing Of Radar Lock On F-15 Jets Near Okinawa | 4K,2025-12-08,282,youtube
China LOCKS Missile On Japanese Military!! PanicÂ inÂ Asia!! By Prashant Dhawan,2025-12-07,335,youtube
China-Japan tensions: Takaichi says encounters with Chinese jets 'extremely regrettable',2025-12-07,471,youtube
China Escalates Tensions With Japan After Diplomat Threatens Japanese PM,2025-11-14,219,youtube
Will a fishing boat spark a crisis between China and Japan? | About That,2025-12-03,80,youtube
"Japan Vs China: Takaichi Softens After G20 Snub But Xi Busts Tokyo's Lies, Issues 'War' Warning?",2025-11-25,417,youtube
Is East Asia Entering A New Security Flashpoint As China Pushes Back Against Japan on Taiwan? | 4K,2025-11-18,315,youtube
Xi STUNNED As Taiwan Declares 'No Return To China'; Japan 'SCHOOLS' Beijing | Big War Looms?,2025-11-26,350,youtube
BREAKING: China Demands Japan Take Action on Taiwan Remarks or Face Worse Relations,2025-11-22,48,youtube
"Tokyo Scrambles Fighter Jets After 'Chinese' Drone Spotted Near...; China-Japan Tensions, Taiwan",2025-11-26,156,youtube
"United States, Taiwan show support for Japan as Japan-China relations worsen",2025-11-21,384,youtube
China-Japan tensions: The latest developments,2025-11-22,416,youtube
Japan envoy in Beijing to ease tensions as China repeats call for Takaichi to retract Taiwan remarks,2025-11-18,218,youtube
China Threatens Japan Over Taiwan: Citizens Told to Avoid Visiting | WION,2025-11-14,403,youtube
China and Japan Trade Accusations Over Senkaku Waters as Territorial Tensions Rise,2025-12-02,421,youtube
The China-Japan Island Dispute Escalates: China Sends Another Letter To UN | WION,2025-12-02,194,youtube
"Senkaku Patrols, Travel Warning: China-Japan Row Over Taiwan Escalates | Vantage with Palki Sharma",2025-11-17,449,youtube
China-Japan Diplomatic Row Escalates ï½œTaiwanPlus News,2025-11-15,144,youtube
China-Japan Row Shows No Signs of Letting Upï½œTaiwanPlus News,2025-11-24,120,youtube
ğŸš¨ China vs Japan: Missile Locked! ğŸ˜±ğŸš€ #Shorts,2025-12-07,341,youtube
Why China Is Threatening Japan,2025-11-23,319,youtube
"Trump Warned Of Nuke War No One Can Escape; China, Japan Tensions Over Taiwan Send ShockwavesÂ InÂ US",2025-11-22,70,youtube
Chinaâ€“Japan Tensions Hit Tourism  | Wings S3E107,2025-11-30,417,youtube
Chinaâ€“Japan Tension in East China Sea | Radar Lock Incident Explained #southchinasea,2025-12-07,100,youtube
China-Japan Tensions: Japan's Worst Nightmare? China Sends Warships To Senkaku | WION Originals,2025-11-18,403,youtube
China vs Japan Clash EXPLODES: Chinese & Japanese Ships Clash In Disputed Island | Originals,2025-12-02,3,youtube
China demands Japan clarify Taiwan stance as tensions escalate,2025-11-27,399,youtube
China-Japan Spat Over Taiwan Escalates: Japan Slams Chinaâ€™s Travel Ban After Taiwan Comment Blow-Up,2025-11-17,394,youtube
"Shocking Truth: If China and Japan Go to War Again, 500 Million Chinese May Betray Their Country",2025-11-26,390,youtube
Putin Enters Japan-China Feud: Is Russia Preparing for a Confrontation with Japan?,2025-11-28,333,youtube
"China-Japan Tensions ""Will Not Escalate"", Says Ex-Ambassador to Tokyo | Firstpost Pov | N18G",2025-11-24,236,youtube
Wolf Warrior 2.0: China Escalates Threats as Japan Deploys Troops to Philippines | EP721,2025-11-20,353,youtube
China Coast Guard INVADES Japan's Waters â€” Then THIS Happenedâ€¦,2025-11-29,138,youtube
"China is Winning the Economic War Against Japan, Anti-PM Protests Erupt | GRAVITAS Highlights",2025-11-21,391,youtube
China FM Warns Japan PM Takaichi Against Crossing â€˜Critical Red Lineâ€™; Vows MilitaryÂ Retaliation,2025-11-23,278,youtube
China-Japan rivalry intensifies amid shifting alliances; pressure builds on U.S. and S. Korea,2025-12-01,229,youtube
China tells citizens not to visit Japan as Taiwan row grows â€¢ FRANCE 24 English,2025-11-15,253,youtube
"China Vs Japan Clash LIVE: China- Japan Tensions EXPLODE, Will There Be Another War? | WION",2025-11-22,284,youtube
Ties between China and Japan deteriorate following comments over Taiwan,2025-11-20,18,youtube
Japan Claims Chinese Ships Entered Its Territory Near Disputed Islands | Firstpost Live | N18G,2025-12-02,70,youtube
Japan Expels Two Chinese Ships After Disputed Waters Face-Off | China in Focus,2025-12-03,122,youtube
Conflict erupts after Chinese diplomat threatens Japanâ€™s Prime Minister,2025-11-22,57,youtube
"China Issues â€˜All-Out Warningâ€™ To Japan, PM Takaichiâ€™s Taiwan Remark Sparks Fury In Beijing | Watch",2025-11-13,220,youtube
China Threatens to 'make Japan a Battlefield' | GRAVITAS | WION,2025-11-17,334,youtube
Trump Advises Japan's Takaichi NotÂ ToÂ Provoke China Over Taiwan | Firstpost America | N18G,2025-11-27,327,youtube
China Claims 'Harassment' By Japanese Jets; Beijing Urges Tokyo To â€˜Cease Slanderâ€™,2025-12-07,236,youtube
The China-Japan Situation Just Took a Dark Turn...,2025-12-07,428,youtube
China-Japan Tensions: Tokyo Reacts To China's Travel Warning For Japan | WION News,2025-11-16,283,youtube
China Escalates Spat With Japan Over Comments Made About Taiwan,2025-11-17,39,youtube
China slams Japan's missile deployment to island near Taiwan | East Asia Tonight Nov 24,2025-11-24,383,youtube
China-Japan Tension Explained,2025-11-29,287,youtube
'You're misguided' â€“ Victor Gao fires back on Japan's remilitarization debate,2025-12-06,317,youtube
China turns the economic screws on Japan | DW News,2025-11-20,283,youtube
A Deep Dive Into Chinaâ€“Japan Tensions| Shaun Rein,2025-12-04,277,youtube
"Putin Backs Xi As Japan Plans To Deploy Missiles Near Taiwan, Issues Warning To Trump & Takaichi",2025-11-28,45,youtube
Japan Prepares for War to Ends China's Biggest Hopesâ€”China Ready to Attack | John Mearsheimer,2025-12-03,280,youtube
China Demands Japanâ€™s Takaichi Retract Taiwan Comments as Tensions Spike | WION,2025-11-18,398,youtube
China-Japan spat: Coast guard vessels engaged in standoff around Senkaku Islands,2025-12-02,152,youtube
China | Japan | Fighterjet | à®œà®ªà¯à®ªà®¾à®©à¯ à®µà®¿à®®à®¾à®©à®¤à¯à®¤à¯ˆ à®¤à®¾à®•à¯à®• à®®à¯à®¯à®©à¯à®± à®šà¯€à®© à®ªà¯‹à®°à¯ à®µà®¿à®®à®¾à®©à®®à¯... à®•à®Ÿà¯à®®à¯ à®•à®£à¯à®Ÿà®©à®®à¯,2025-12-08,302,youtube
Chinese and Japanese Ships in Standoff Near Diaoyutai Islandsï½œTaiwanPlus News,2025-12-02,15,youtube
Australia Calls Chinaâ€™s Radar Lock on Japanese Jets â€œConcerningâ€ in Tokyo Talks | APT,2025-12-07,174,youtube
"FINAL WARNING from TOKYO: China Witnesses POWER of Japan! 1,000+ Missiles Deployed 110km from Taiwan",2025-11-26,218,youtube
Japan Warns China: Will Tokyo Join a U.S. War Over Taiwan?,2025-11-26,492,youtube
China-Japan Tensions: China Sends Coast Guard Ships Near Japan-Administered Senkaku Islands | WION,2025-11-17,107,youtube
Singapore PM Calls for Chinaâ€“Japan Reconciliation While Ignoring Japanâ€™s Military Buildup,2025-12-07,138,youtube
Watch This If Youâ€™re Confused About Why China & Japan Are Arguing,2025-11-24,204,youtube
Japan PM Takaichi holds call with Trump amid China dispute | REUTERS,2025-11-25,497,youtube
How Japanâ€™s PM set off a diplomatic row between Beijing and Tokyo,2025-11-19,427,youtube
Japan Preparing For War â€” China Ready To Attack,2025-12-05,17,youtube
CHINA WARNS JAPAN: Xi Explodes Over Missile Threat Near Taiwan,2025-11-25,117,youtube
How Japan Is Becoming China's Worst Nightmare,2025-11-23,411,youtube
Xi Jinping To Declare War On Japan? How Taiwan Leaderâ€™s Sushi Lunch Ignited Firestorm In China,2025-11-21,29,youtube
"China Coast Guard Vessels Near Japan's Senkaku Island, Xi Sends Jets, Warships To Rattle Taiwan | 4K",2025-11-16,428,youtube
China-Japan Tensions Spike Over Taiwan | The China Show 11/17/2025,2025-11-17,140,youtube
"China Vs Japan War Countdown Begins? Tokyo Puts Missiles Near Taiwan, Beijing BreathesÂ FireÂ |Â Watch",2025-11-24,459,youtube
"China-Japan tensions: Nearly 500,000 flights to Japan cancelled",2025-11-18,147,youtube
Whatâ€™s behind the sudden China-Japan fallout?,2025-11-21,217,youtube
Xiâ€™s Biggest Taiwan Revenge: China Just Annihilated Japanâ€™s $1.4 Billion Seafood Empire Overnight?,2025-11-19,331,youtube
Japan-China: Japan PM Takaichi's Taiwan Warning Sparks Fierce Backlash from China | WION,2025-11-18,63,youtube
China-Japan Rift Widens Following Taiwan Remark; Beijing Starts To Patrol In Disputed Senkaru Waters,2025-11-16,279,youtube
"China-Japan tension: ""Everyone is saying itâ€™s time to dial this down""",2025-11-23,253,youtube
Edge of Collapseâ€”Taiwan Strait Tensions. #military #war #china #japan #map #history,2025-12-06,392,youtube
Discovering impact on Japanâ€™s private sector as Japan-China tensions escalate,2025-11-18,499,youtube
China Furious as Japan PM Takaichi Labels Beijing a â€˜Communist Dictatorshipâ€™,2025-12-08,332,youtube
Japan Sends Missiles Near Taiwan as China Reacts,2025-11-24,205,youtube
What's the US role in current Japan-China tensions?,2025-11-21,203,youtube
Why Japan is WORSE Than Israel - China Will NEVER Forgive!ğŸ‡¨ğŸ‡³ğŸ‡¯ğŸ‡µ,2025-11-30,209,youtube
"China-Japan LIVE | Senkaku Patrols, Travel Warning: China-Japan Row Over Taiwan Escalates",2025-11-18,407,youtube
CHINA SLAMS JAPAN WITH BRUTAL Taiwan History Allegations; Declares 'Tokyo Has No Right To Comment',2025-11-20,160,youtube
Japan Threatens China Over Taiwan - Chinese Destroying Japanese Economy,2025-11-18,83,youtube
China & Japan Involved In A War Of Words Over Taiwan | Explained | 4K | N18G,2025-11-20,167,youtube
"Japan, China 'Clash' Near Disputed Islands As Xi & Takaichi Trade Barbs Over Tokyo's Taiwan Stance",2025-12-02,11,youtube
Japan Crosses Chinaâ€™s Red Line: Takaichi Ignites Firestorm Over Taiwan,2025-12-04,53,youtube
Japan threatens military intervention if China invades Taiwan,2025-11-18,45,youtube
Japan Seeks to Calm China After Taiwan Furor | The China Show 11/18/2025,2025-11-18,386,youtube
"Japanâ€“China Row Over Taiwan Escalates: Flights Cancelled, Films Delayed | Vantage With Palki Sharma",2025-11-18,361,youtube
China-Japan spat hits Beijingâ€™s Japanese restaurants as cancellations surge,2025-12-02,349,youtube
Why Chinaâ€™s Military Cannot Defeat Japan Alone?,2025-11-18,231,youtube
Taiwan president shows support for Tokyo with photo of sushi as China-Japan rift deepens,2025-11-20,359,youtube
The China-Japan-Taiwan Crisis Explained | Angelo Giuliano @Reporterfy,2025-11-20,80,youtube
China warns Japan itâ€™s READY FOR WAR in explosive video as missile launchers moved near to Taiwan,2025-11-24,451,youtube
Backlash for PM Wongâ€™s Comments on China-Japan Tension & Tiong Bahru Flats Fail HIP Vote | #745,2025-11-26,251,youtube
China vs Japan LIVE: Japan-China Standoff over Disputed Senkaku Islands Escalates | Takaichi vs Xi,2025-12-02,469,youtube
China-Japan Tensions Flare Over Takaichiâ€™s Taiwan Comments,2025-11-21,76,youtube
Japan-China Showdown LIVE: Missile Deployment Near Taiwan Sparks Fears of War | WION,2025-11-27,249,youtube
HasanAbi on the China/Japan Situation,2025-11-30,348,youtube
"China Vows Japan Will â€˜Pay Painful Priceâ€™, Trump Advises Takaichi to 'Temper the Toneâ€™ on Taiwan |4K",2025-11-27,248,youtube
LIVE: Chinaâ€“Japan Rift Widens | Regional Security Concerns Rise as Diplomatic Clash Deepens,2025-11-24,223,youtube
China vs Japan: Is US backing Tensions Over Taiwan?,2025-11-27,83,youtube
Taiwan Readies â€˜Unyieldingâ€™ Army As China Warns Japan of â€˜Directâ€™ Hit Over Takaichiâ€™s â€˜Mistakeâ€™ | 4K,2025-12-03,190,youtube
Why China Is Escalating Pressure On Japan As Part Of 'Kill Chicken To Scare Monkey' Policy? Watch,2025-11-26,119,youtube
Chinaâ€™s 100-Ship Deployment Intensifies Rising Tensions With Japan and Taiwan,2025-12-05,151,youtube
Japan-China Clash | What Should Be Done?,2025-11-23,342,youtube
US Trains Troops In Japan Base Near Taiwan For China Attack As Tokyo-Beijing Engage In New Clash| 4K,2025-12-02,315,youtube
Do Japanese really want war with China?! I asked them about Taiwan.,2025-12-04,304,youtube
Taiwan Supports Japan Amid Diplomatic Row With China,2025-11-21,181,youtube
Show of Force: China Masses 100 Ships as Trump Backs Taiwan and Japanâ€™s Takaichi | EP728,2025-12-05,480,youtube
China-Japan Tensions: Reports Suggest Trump Told Takaichi To Lower Volume On Taiwan | World DNA,2025-11-28,43,youtube
Japan initiates missile deployment on Yonaguni as China relations worsen,2025-11-24,171,youtube
LIVE: Trump Advises Japanese PM Sanae Takaichi Not to Provoke China Over Taiwan| Xi Jinping,2025-11-29,59,youtube
"China Calls for a China-Japan War, but Theyâ€™re Doomed to Loseâ€”Gamblers Never Win",2025-12-04,169,youtube
"China Slams Japan's ""Threat"" To Sink Aircraft Carrier, ""Fujian Will Prove Itself In Combat"" | 4k",2025-11-30,481,youtube
China Japan Clashes LIVE: Military Tensions Flare Over Disputed Islands | Vantage with Palki Sharma,2025-12-04,183,youtube
"JAPANâ€™S BIGGEST NIGHTMARE: China Buys Toyota, Honda & Nissan as Auto Market Collapses",2025-11-14,455,youtube
"Taiwan says Beijing weaponising trade, tourism amid China-Japan row | East Asia Tonight (Nov 20)",2025-11-20,248,youtube
Tokyo's Stunning Claim: Xi's J-15 Jets Locked 'Weapons Radar' On Japan's F-15s Amid Taiwan Tensions,2025-12-07,350,youtube
China is Censoring Japanese Artists even in the middle of their performance! #onepiece #jpop #china,2025-12-03,229,youtube
"â€œIf Japan Dares to Interveneâ€¦â€ China Tells PM Takaichi To Retract ""Egregious"" Taiwan Remark | 4K",2025-11-13,133,youtube
"China Vs Japan Over Taiwan Heats Up: Furious Xi Dares Takaichi With This Warning, Beijing Says...",2025-11-27,382,youtube
Why Is Taiwan Putting China and Japan on Edge? #taiwan #china #japan,2025-11-18,485,youtube
Takaichi shreds legacy of China-Japan diplomacy,2025-11-22,132,youtube
LIVE: China-Japan ALL-OUT War Soon? Japan PM Takaichi DARES Xi Jinping over Taiwan,2025-11-25,390,youtube
"Chinaâ€™s Japan meltdown: The threat, the silence â€” and the backfire",2025-11-20,130,youtube
"How Does the Alliance Manage China, Japan, and Russia Relations? | ROK-U.S. Strategic Forum 2025",2025-12-05,359,youtube
BREAKING: China Warns of Force as Tensions Rise with Japan,2025-11-28,395,youtube
Japan Plans Missile Export to Philippines While China Reacts Fiercely,2025-12-01,225,youtube
Einar Tangen: The U.S. Instigates Japan-China Conflict,2025-11-30,369,youtube
"Japan, Taiwan Monitoring China's Increased Maritime Activitiesï½œTaiwanPlus News",2025-12-06,136,youtube
Japan seeks to calm escalating row with China over Taiwan | REUTERS,2025-11-17,39,youtube
BREAKING: Japan and China Tensions Rise After Taiwan stance,2025-11-26,48,youtube
China Vs Japan Over Taiwan Now: Watch | War Of Words After 'Cut Off Dirty Head' Shocker Signals...,2025-11-12,223,youtube
"Takaichi Faces Xi's Wrath: China Sets The Record Straight For Japan with â€˜Behave!â€™, Cancels G20 Meet",2025-11-21,452,youtube
"â€œFar From Adequateâ€ â€” China Rejects Takaichiâ€™s Taiwan Remarks, Warns Japanâ€™s Stance ""Unacceptable""",2025-12-04,63,youtube
This anti-China troll from Japan failed spectacularly!,2025-12-04,228,youtube
'KILL AMERICANS': Chang sounds alarm on how China uses US technology,2025-12-01,352,youtube
China Cuts Off Japanâ€™s Lifeline - After Japan Blocks 110 Chinese Tech Companies,2025-11-25,101,youtube
Video of Japan envoyâ€™s â€˜bowâ€™ to Chinese counterpart sparks complaint,2025-11-21,361,youtube
China-Japan Conflict Heats Up! Chinese Extremism and Disruptive Behavior Spark Outrage in Japan,2025-11-19,153,youtube
"Japan vs China LIVE | Japan-China Row Over Taiwan: Flights Cancelled, Films Delayed | Palki Sharma",2025-11-19,405,youtube
"China-Japan Spat Flares: Hong Kong â€˜Cornersâ€™ PM Takaichi, Freezes Ties After TaiwanÂ â€˜Explosionâ€™",2025-11-24,290,youtube
China-Japan Taiwan Tensions Escalate | Regional Stakes Rise Amid Diplomatic Standoff,2025-11-22,274,youtube
Japan Threatens To ATTACK China,2025-11-12,88,youtube
BREAKING: China Challenges Japanâ€™s Conduct After Radar Dispute,2025-12-09,232,youtube
China Slams Japan Over â€˜Consistent Positionâ€™ On Taiwan: â€œWonâ€™t Get Away With Itâ€,2025-11-26,429,youtube
China Issued a Threat to Japan.,2025-11-15,9,youtube
"Japan Plans Missile Unit on Yonaguni, Russia Issues Warning | wion",2025-11-28,380,youtube
How Taiwan comments ignited a Chinaâ€“Japan clash | Senkaku/Diaoyu Islands Standoff,2025-12-03,246,youtube
What would happen if Japan and China went to war?  #unitedstates  #history #geohistory #japan,2025-11-15,360,youtube
UN reiterates one-China position after Japan PM's Taiwan remarks,2025-11-18,332,youtube
Japan Accuses Chinese Jets of Locking Fire-Control Radar on Its Jets | World DNA News,2025-12-08,216,youtube
"Japan Deploys Missiles Near Taiwan, China Fumes at Attempt to â€œProvoke Military Confrontationâ€ |4K",2025-11-24,154,youtube
China-Japan Tensions Escalate As Takaichi's Remarks Labelled 'Provocative' | WION World DNA,2025-11-20,314,youtube
JAPAN und CHINA STEHEN SICH WEGEN TAIWAN GEGENÃœBER: Was haben die vor? | @VisualPolitikDE,2025-12-09,70,youtube
Trumpâ€™s Surprise Call to Japan PM Takaichi raise China Tensions,2025-11-25,292,youtube
China-Japan tensions mount over Takaichi's remarks on Taiwan,2025-11-18,47,youtube
China-Japan fallout continues,2025-11-26,325,youtube
Japan-China spat: Tourism hit badly,2025-11-20,315,youtube
"LIVE | New Japan-China Face Off Around Senkaku Island Near Taiwan, Xi Dares Takaichi With Invasion?",2025-12-03,42,youtube
Japan PM Takaichi's BIG MESSAGE To Xi Jinping At G20 Amid Escalating China-Japan Tensions,2025-11-21,379,youtube
The End of Japanâ€™s Pacifist Dream? | Documentary World View - AT,2025-11-27,208,youtube
Japan is very mad at China for rhetoric in reference to Taiwan,2025-11-14,394,youtube
Trump-Xi Call & Taiwan Tensions: Decoding US-China-Japan Dynamics,2025-11-27,20,youtube
China: Japan's weapons deployment plan 'extremely dangerous',2025-11-25,89,youtube
South China Sea EXPLODES: China & Japan CLASH over Miyako Islands| Taiwan Tensions SOAR| All-Out WAR,2025-12-08,247,youtube
"12 China-Japan flight routes canceled amid tensions over Takaichi, impacting over 540,000 bookings",2025-11-25,94,youtube
"China-Japan Tensions: Japan Will Pay 'Painful Price' If Steps Out Of Line Over Taiwan, China says",2025-11-27,165,youtube
China-Japan fallout continues as Takaichi refuses to backdown,2025-11-26,330,youtube
1937-1941 : Japan's war in China  | PURE WW2,2025-11-27,72,youtube
China-Japan Diplomatic tension| Pakistan Blast| China Coast Guard| East China Sea| NewsX World,2025-11-16,339,youtube
China -Japan Fighat ğŸ˜² |#china #japan #xijinping #takaichi #taiwan #geopolitics,2025-12-01,51,youtube
Japan vs China: The Hidden Truth About Japanâ€™s â€œNo-Armyâ€ Defence! | Explained by Ankit Awasthi Sir,2025-11-19,87,youtube
Xi 'Teases' Japan On War: Chinese Cutters Storm Into Taiwan Waters For Showdown | 'GO AWAY ELSE...',2025-11-23,294,youtube
Analysis: US Approves Taiwan Arms Deal as China-Japan Tensions Rise | Taiwan Talks,2025-11-24,397,youtube
Breaking: Sanae Takaichi Acknowledges Taiwan Belongs to China,2025-12-03,85,youtube
Is China Better Than Japan?,2025-11-30,150,youtube
"Japan and Taiwan Companies Flee China Together! Canon Shuts Factory, Foxconn Lays Off 100,000",2025-11-30,463,youtube
"East Asia on alert: China, Japan confrontation deepens",2025-11-26,495,youtube
China urges Japan to retract Taiwan remarks,2025-11-18,291,youtube
Takaichi Says Japan Keeps All Dialogue Channels Open With China,2025-11-24,223,youtube
China Japan Clashes LIVE: Military Tensions Flare Over Disputed Islands | Vantage with Palki Sharma,2025-12-04,173,youtube
à¤šà¥€à¤¨ à¤¨à¥‡ à¤§à¤®à¤•à¤¾à¤¯à¤¾ à¤œà¤¾à¤ªà¤¾à¤¨ à¤•à¥‹ !#youtubeshorts #shortvideo #viral #politics #japan #china #trending #taiwan,2025-12-09,306,youtube
"China at Japan, muling nagkainitan sa pinag-aagawang teritoryo",2025-12-02,296,youtube
"China-Japan Showdown LIVE: Explosive Taiwan Clash Spirals; Airlines, Films Caught In Fallout | WION",2025-11-20,147,youtube
"200secs! In rebuke, Mao Ning cites four key China-Japan documents against 'overreaction' allegations",2025-11-17,11,youtube
GLOBALink | Japanese take to streets showing anger with PM Takaichi's erroneous Taiwan remarks,2025-11-29,75,youtube
Japan Should Take Chinaâ€™s Retaliatory Warning Seriously,2025-11-18,480,youtube
China Vs Japan Tensions Escalate Over Disputed Island In East China Sea; Conflicting Reports Surface,2025-12-03,209,youtube
Japan Without Chinese Tourists Now!? Travel Chance Has Come Before the Christmas! Ep.612,2025-11-26,241,youtube
Japan Declares Crypto War on ChinağŸš¨Trump Backs Ripple vs BanksğŸ”¥,2025-11-17,234,youtube
Is Japan Really Attacking China?,2025-11-15,392,youtube
Japan Warns China: à¤œà¤¾à¤ªà¤¾à¤¨-à¤šà¥€à¤¨ à¤®à¥‡à¤‚ à¤œà¤‚à¤— à¤ªà¤•à¥à¤•à¥€! Breaking News | Fighter Jet Conflict |Taiwan Tension War,2025-12-07,32,youtube
"Putin smacked NATO, Ukr troops withdraw, China's Jets lock on Japan, Europe buys RUS sanctioned wood",2025-12-08,41,youtube
Rising Tensions between Japan & China Over Taiwan #china #japan #taiwan #usa #ytshorts,2025-11-20,138,youtube
"China à¤•à¥‡ à¤–à¤¿à¤²à¤¾à¤« à¤¸à¥‡à¤¨à¤¾ à¤‰à¤¤à¤¾à¤°à¥‡à¤—à¤¾ Japan, à¤­à¤¡à¤¼à¤•à¥‡ Xi Jinping, Taiwan à¤ªà¤° à¤¹à¤®à¤²à¤¾?|Duniyadari",2025-11-20,243,youtube
Why Japan Canâ€™t Stop Chinaâ€™s Unification,2025-11-22,336,youtube
