åºå·,åç§°,å‘å¸ƒæ—¶é—´
1,China Tensions Put Japanâ€™s Islands on the Frontline #china #Japan #taiwan,2025-12-09
2,Japan is learning from India about how to Fight China #Japan #China #India,2025-12-08
3,China tells Japan to stop 'irresponsible hype' over radar incident | East Asia Tonight (Dec 8),2025-12-08
4,Fighter Jet Standoff: How Japan & China Came Close to A Potential Conflict | Vantage | Palki Sharma,2025-12-08
5,China-Japan Mid-air Faceoff: Beijing Explains Why JF-15 Jet Locked Radar On F-15 | 'HALT HARASSMENT',2025-12-08
6,Beijing's 'Sun Tzu' Policy: Xi's Warfare Strategy In Spotlight Amid China-Japan Tensions Over Taiwan,2025-12-08
7,"China-Japan Tensions: Japan Accuses Chinese Jets Of Radar 'Lock' Near Okinawa, China Refutes Claim",2025-12-08
8,China & Russia Test East Asiaâ€™s Nerves â€” Skies Heat Up Near South Korea | Vantage with Palki Sharma,2025-12-09
9,Japan-China Tensions Rise as Tokyo Accuses Chinese Jets of Radar Lock | WION,2025-12-07
10,China Jets Lock Radar On Japan F-15 Planes Twice? Tensions Escalate Near Miyako Strait | Watch,2025-12-08
11,China Jets Lock Radars on Japan During Liaoning Carrier Drills Near Okinawa | Taiwan Talks EP729,2025-12-09
12,China expresses strong opposition to Japan over Liaoning drills,2025-12-08
13,China-Japan Fight Explodes Mid-air As Chinese J-15 Jet Locks Radar To Fire At JapaneseÂ Aircraft,2025-12-07
14,Rising tensions between China and Japan over Taiwan | DW News,2025-11-18
15,Japan reacts to China's travel warning,2025-11-17
16,"Japan-China diplomatic flare-up 'just starting,' says analyst",2025-11-21
17,Japan warns China after radar lock incident near disputed islands,2025-12-07
18,"JAPAN, CHINA ON EDGE: Radar Lock Standoff Pushes Beijingâ€“Tokyo to Breaking Point | Times Now World",2025-12-09
19,"China Japan Clash Could Drag on For Years, Taiwan Says",2025-12-02
20,Why China is ramping up its retaliation on Japan over Taiwan,2025-11-26
21,"After Scaring Japan Fighter Jets, China-Russia Joint Missile War Move Spooks West?| Ukraine| Taiwan",2025-12-08
22,"Taiwan, Japan voice concern over Chinese military",2025-12-07
23,"China Japan Clash Over 'Fighter Jet Radar Lock', Xi Declares War On Takaichi? | Crux Decode | 4K",2025-12-09
24,China-Japan Push Region to Brink of All-Out War,2025-12-08
25,à¤šà¥€à¤¨ à¤•à¥€ à¤¨à¤¿à¤¯à¤¤ à¤•à¤¾ à¤…à¤‚à¤¤ à¤¨à¤¹à¥€à¤‚! #shorts #shortsfeed #china #japan #taiwan #news #asia #tension #asiannews,2025-12-07
26,Japan Says It Is â€˜Closely Monitoringâ€™ Chinese Military Movements in Region | APT,2025-12-05
27,"As France Threatens To CANCEL China's Exports, Japan Begins To Trigger U.S. Bond Crash",2025-12-09
28,China vs Japan: The Senkaku Islands Naval Standoff EXPLAINED #shorts,2025-12-06
29,"Xi Goes To War? China 'Locks Radar' On Japan F-15s, 'Fires Flares' At Philippine Jet | Takaichi | 4K",2025-12-07
30,China threatens more countermeasures over Japan PM's Taiwan remarks | The World | ABC NEWS,2025-11-19
31,Japan Vs China Air Battle Begins? Takaechi's Jets Roar To Intercept 'Xi's Drones' | Taiwan Tensions,2025-12-01
32,China-Japan Tensions: China Asks Japan to Take Concrete Steps to Stabilise Bilateral Ties | WION,2025-11-22
33,How Did China React to Japanâ€™s Warning?,2025-11-18
34,Chinaâ€“Japan Tension Risesâ€¦ and Australia Steps In!,2025-12-09
35,Japanâ€™s Missile Shift Sparks Fresh Questions Over Chinaâ€“Taiwan Tensions | Japan China News | 4K,2025-11-25
36,China-Japan Standoff: Military Tensions Flare Over Disputed Islands | Vantage with Palki Sharma,2025-12-02
37,Japan-China tensions spill over to Japanese seafood industry,2025-11-20
38,China-Japan Tensions | China Liaoning Carrier Launches 100 Aircraft Near Japan After Radar Threat,2025-12-08
39,China-Japan feud intensifies: Row affecting businesses in both countries,2025-11-21
40,Chinaâ€“Japan Clash Erupts Over Takaichiâ€™s Taiwan Remark,2025-11-18
41,"As China-Japan spat escalates, Japan and Taiwan issue warnings",2025-11-19
42,China: Japan Will Suffer â€˜Crushing Defeatâ€™,2025-11-14
43,"China Targets Japanese Planes Near Okinawa, Tensions Escalate Across East Asia | 4K",2025-12-07
44,Japan & US Challenging Chinaâ€™s Red Lines over Taiwan ğŸ‡¯ğŸ‡µğŸ‡ºğŸ‡¸ğŸ‘‰ğŸ‡¨ğŸ‡³ğŸ”¥ / Parody,2025-11-15
45,China says 'no market' for Japan seafood imports amid Taiwan spat â€¢ FRANCE 24 English,2025-11-19
46,China-Japan Diplomatic Row Starts To Take an Economic Tollï½œTaiwanPlus News,2025-11-18
47,China-Japan Fight Over Taiwan Hits UN Stage: Explained | Sanae Takaichi News,2025-11-24
48,Japan warning its citizens to use precautions in China,2025-11-18
49,Japan Pushes China Too Far: Takaichi Starts Taiwan Fury,2025-12-04
50,China vs Japan: On the High Seas | Vantage with Palki Sharma,2025-12-02
51,The fallout continues over Japan PM's Taiwan comments as China refuses to back down,2025-11-27
52,China summons Japan ambassador as war of words over Taiwan drags on | BBC News,2025-11-14
53,Is Japan's new PM Takaichi about to pick a fight with China over Taiwan? | DW News,2025-11-12
54,PM Lawrence Wong on Japan-China tensions,2025-11-20
55,China-Japan Tensions: China Says Its Coast Guard Vessels Conduct a 'Rights Enforcement Patrol',2025-11-16
56,China says Japan â€œcrossed a red lineâ€ with Taiwan military intervention remarks,2025-11-24
57,Tensions escalate as Japan's new PM sparks war of words with China over Taiwan remarks,2025-11-17
58,â€˜Prepared to use forceâ€™: Tensions escalate between China and Japan,2025-11-28
59,Will China nuke Japan over Taiwan?,2025-11-28
60,Japan's new prime minister clashes with China over Taiwan comments,2025-11-18
61,China: 'Japan Crossed Red Line' | Takaichi Urges Understanding & Cooperation | WION,2025-11-24
62,China issued a severe warning that Japan crossed the line with talk of Taiwan intervention,2025-11-24
63,Victor Gao: China 'should never allow' Japan to return to militarist past,2025-11-25
64,China-Japan Tensions: Chinese FM Wang Yi's Fresh Accusation Against Japanese PM Takaichi | WION,2025-11-24
65,Would Japan Save Taiwan from China?,2025-11-27
66,"China Gives 'Final Notice' To Japan's Takaichi To Retract Taiwan Remark, Xi Readies Warships",2025-12-05
67,Can Japanâ€™s tourism industry survive China tensions?,2025-11-19
68,Japan's tourism industry rattled by China travel boycott | The World | ABC NEWS,2025-11-26
69,All Eyes on Japan and China Tensions After Taiwan Remark | Big Take,2025-11-25
70,China & Japan Are In A War Of Words Over Taiwan | China-Japan Tensions | N18G,2025-11-17
71,"How one Taiwan comment reignited a fiery China-Japan feud - Asia Specific podcast, BBC World Service",2025-11-26
72,China Warns Japan: â€œCould Become Battlefieldâ€ Amid Rising Tensions | WION,2025-11-17
73,China-Japan Push Region to Brink of All-Out War | GRAVITAS HIGHTLIGHTS,2025-12-09
74,Japan sends diplomat amid rift over Takaichi's Taiwan commentsãƒ¼NHK WORLD-JAPAN NEWS,2025-11-17
75,China-Japan Tensions: Takaichi Softens Tone As Beijing Demands Answers | US Steps In,2025-11-26
76,Tensions between Japan-China escalate following Japan PM's remark on Taiwan,2025-11-18
77,Chinaâ€“Japan Clash Erupts Over Takaichiâ€™s Taiwan Remark,2025-11-18
78,"China Warns Japan's New PM Over Remarks On Taiwan, Trade Relations At Stake | Sanae Takaichi",2025-11-22
79,Chinaâ€“Japan Tensions Spike As Tokyo Accuses Beijing Of Radar Lock On F-15 Jets Near Okinawa | 4K,2025-12-08
80,China LOCKS Missile On Japanese Military!! PanicÂ inÂ Asia!! By Prashant Dhawan,2025-12-07
81,China-Japan tensions: Takaichi says encounters with Chinese jets 'extremely regrettable',2025-12-07
82,China Escalates Tensions With Japan After Diplomat Threatens Japanese PM,2025-11-14
83,Will a fishing boat spark a crisis between China and Japan? | About That,2025-12-03
84,"Japan Vs China: Takaichi Softens After G20 Snub But Xi Busts Tokyo's Lies, Issues 'War' Warning?",2025-11-25
85,Is East Asia Entering A New Security Flashpoint As China Pushes Back Against Japan on Taiwan? | 4K,2025-11-18
86,Xi STUNNED As Taiwan Declares 'No Return To China'; Japan 'SCHOOLS' Beijing | Big War Looms?,2025-11-26
87,BREAKING: China Demands Japan Take Action on Taiwan Remarks or Face Worse Relations,2025-11-22
88,"Tokyo Scrambles Fighter Jets After 'Chinese' Drone Spotted Near...; China-Japan Tensions, Taiwan",2025-11-26
89,"United States, Taiwan show support for Japan as Japan-China relations worsen",2025-11-21
90,China-Japan tensions: The latest developments,2025-11-22
91,Japan envoy in Beijing to ease tensions as China repeats call for Takaichi to retract Taiwan remarks,2025-11-18
92,China Threatens Japan Over Taiwan: Citizens Told to Avoid Visiting | WION,2025-11-14
93,China and Japan Trade Accusations Over Senkaku Waters as Territorial Tensions Rise,2025-12-02
94,The China-Japan Island Dispute Escalates: China Sends Another Letter To UN | WION,2025-12-02
95,"Senkaku Patrols, Travel Warning: China-Japan Row Over Taiwan Escalates | Vantage with Palki Sharma",2025-11-17
96,China-Japan Diplomatic Row Escalates ï½œTaiwanPlus News,2025-11-15
97,China-Japan Row Shows No Signs of Letting Upï½œTaiwanPlus News,2025-11-24
98,ğŸš¨ China vs Japan: Missile Locked! ğŸ˜±ğŸš€ #Shorts,2025-12-07
99,Why China Is Threatening Japan,2025-11-23
100,"Trump Warned Of Nuke War No One Can Escape; China, Japan Tensions Over Taiwan Send ShockwavesÂ InÂ US",2025-11-22
101,Chinaâ€“Japan Tensions Hit Tourism  | Wings S3E107,2025-11-30
102,Chinaâ€“Japan Tension in East China Sea | Radar Lock Incident Explained #southchinasea,2025-12-07
103,China-Japan Tensions: Japan's Worst Nightmare? China Sends Warships To Senkaku | WION Originals,2025-11-18
104,China vs Japan Clash EXPLODES: Chinese & Japanese Ships Clash In Disputed Island | Originals,2025-12-02
105,China demands Japan clarify Taiwan stance as tensions escalate,2025-11-27
106,China-Japan Spat Over Taiwan Escalates: Japan Slams Chinaâ€™s Travel Ban After Taiwan Comment Blow-Up,2025-11-17
107,"Shocking Truth: If China and Japan Go to War Again, 500 Million Chinese May Betray Their Country",2025-11-26
108,Putin Enters Japan-China Feud: Is Russia Preparing for a Confrontation with Japan?,2025-11-28
109,"China-Japan Tensions ""Will Not Escalate"", Says Ex-Ambassador to Tokyo | Firstpost Pov | N18G",2025-11-24
110,Wolf Warrior 2.0: China Escalates Threats as Japan Deploys Troops to Philippines | EP721,2025-11-20
111,China Coast Guard INVADES Japan's Waters â€” Then THIS Happenedâ€¦,2025-11-29
112,"China is Winning the Economic War Against Japan, Anti-PM Protests Erupt | GRAVITAS Highlights",2025-11-21
113,China FM Warns Japan PM Takaichi Against Crossing â€˜Critical Red Lineâ€™; Vows MilitaryÂ Retaliation,2025-11-23
114,China-Japan rivalry intensifies amid shifting alliances; pressure builds on U.S. and S. Korea,2025-12-01
115,China tells citizens not to visit Japan as Taiwan row grows â€¢ FRANCE 24 English,2025-11-15
116,"China Vs Japan Clash LIVE: China- Japan Tensions EXPLODE, Will There Be Another War? | WION",2025-11-22
117,Ties between China and Japan deteriorate following comments over Taiwan,2025-11-20
118,Japan Claims Chinese Ships Entered Its Territory Near Disputed Islands | Firstpost Live | N18G,2025-12-02
119,Japan Expels Two Chinese Ships After Disputed Waters Face-Off | China in Focus,2025-12-03
120,Conflict erupts after Chinese diplomat threatens Japanâ€™s Prime Minister,2025-11-22
121,"China Issues â€˜All-Out Warningâ€™ To Japan, PM Takaichiâ€™s Taiwan Remark Sparks Fury In Beijing | Watch",2025-11-13
122,China Threatens to 'make Japan a Battlefield' | GRAVITAS | WION,2025-11-17
123,Trump Advises Japan's Takaichi NotÂ ToÂ Provoke China Over Taiwan | Firstpost America | N18G,2025-11-27
124,China Claims 'Harassment' By Japanese Jets; Beijing Urges Tokyo To â€˜Cease Slanderâ€™,2025-12-07
125,The China-Japan Situation Just Took a Dark Turn...,2025-12-07
126,China-Japan Tensions: Tokyo Reacts To China's Travel Warning For Japan | WION News,2025-11-16
127,China Escalates Spat With Japan Over Comments Made About Taiwan,2025-11-17
128,China slams Japan's missile deployment to island near Taiwan | East Asia Tonight Nov 24,2025-11-24
129,China-Japan Tension Explained,2025-11-29
130,'You're misguided' â€“ Victor Gao fires back on Japan's remilitarization debate,2025-12-06
131,China turns the economic screws on Japan | DW News,2025-11-20
132,A Deep Dive Into Chinaâ€“Japan Tensions| Shaun Rein,2025-12-04
133,"Putin Backs Xi As Japan Plans To Deploy Missiles Near Taiwan, Issues Warning To Trump & Takaichi",2025-11-28
134,Japan Prepares for War to Ends China's Biggest Hopesâ€”China Ready to Attack | John Mearsheimer,2025-12-03
135,China Demands Japanâ€™s Takaichi Retract Taiwan Comments as Tensions Spike | WION,2025-11-18
136,China-Japan spat: Coast guard vessels engaged in standoff around Senkaku Islands,2025-12-02
137,China | Japan | Fighterjet | à®œà®ªà¯à®ªà®¾à®©à¯ à®µà®¿à®®à®¾à®©à®¤à¯à®¤à¯ˆ à®¤à®¾à®•à¯à®• à®®à¯à®¯à®©à¯à®± à®šà¯€à®© à®ªà¯‹à®°à¯ à®µà®¿à®®à®¾à®©à®®à¯... à®•à®Ÿà¯à®®à¯ à®•à®£à¯à®Ÿà®©à®®à¯,2025-12-08
138,Chinese and Japanese Ships in Standoff Near Diaoyutai Islandsï½œTaiwanPlus News,2025-12-02
139,Australia Calls Chinaâ€™s Radar Lock on Japanese Jets â€œConcerningâ€ in Tokyo Talks | APT,2025-12-07
140,"FINAL WARNING from TOKYO: China Witnesses POWER of Japan! 1,000+ Missiles Deployed 110km from Taiwan",2025-11-26
141,Japan Warns China: Will Tokyo Join a U.S. War Over Taiwan?,2025-11-26
142,China-Japan Tensions: China Sends Coast Guard Ships Near Japan-Administered Senkaku Islands | WION,2025-11-17
143,Singapore PM Calls for Chinaâ€“Japan Reconciliation While Ignoring Japanâ€™s Military Buildup,2025-12-07
144,Watch This If Youâ€™re Confused About Why China & Japan Are Arguing,2025-11-24
145,Japan PM Takaichi holds call with Trump amid China dispute | REUTERS,2025-11-25
146,How Japanâ€™s PM set off a diplomatic row between Beijing and Tokyo,2025-11-19
147,Japan Preparing For War â€” China Ready To Attack,2025-12-05
148,CHINA WARNS JAPAN: Xi Explodes Over Missile Threat Near Taiwan,2025-11-25
149,How Japan Is Becoming China's Worst Nightmare,2025-11-23
150,Xi Jinping To Declare War On Japan? How Taiwan Leaderâ€™s Sushi Lunch Ignited Firestorm In China,2025-11-21
151,"China Coast Guard Vessels Near Japan's Senkaku Island, Xi Sends Jets, Warships To Rattle Taiwan | 4K",2025-11-16
152,China-Japan Tensions Spike Over Taiwan | The China Show 11/17/2025,2025-11-17
153,"China Vs Japan War Countdown Begins? Tokyo Puts Missiles Near Taiwan, Beijing BreathesÂ FireÂ |Â Watch",2025-11-24
154,"China-Japan tensions: Nearly 500,000 flights to Japan cancelled",2025-11-18
155,Whatâ€™s behind the sudden China-Japan fallout?,2025-11-21
156,Xiâ€™s Biggest Taiwan Revenge: China Just Annihilated Japanâ€™s $1.4 Billion Seafood Empire Overnight?,2025-11-19
157,Japan-China: Japan PM Takaichi's Taiwan Warning Sparks Fierce Backlash from China | WION,2025-11-18
158,China-Japan Rift Widens Following Taiwan Remark; Beijing Starts To Patrol In Disputed Senkaru Waters,2025-11-16
159,"China-Japan tension: ""Everyone is saying itâ€™s time to dial this down""",2025-11-23
160,Edge of Collapseâ€”Taiwan Strait Tensions. #military #war #china #japan #map #history,2025-12-06
161,Discovering impact on Japanâ€™s private sector as Japan-China tensions escalate,2025-11-18
162,China Furious as Japan PM Takaichi Labels Beijing a â€˜Communist Dictatorshipâ€™,2025-12-08
163,Japan Sends Missiles Near Taiwan as China Reacts,2025-11-24
164,What's the US role in current Japan-China tensions?,2025-11-21
165,Why Japan is WORSE Than Israel - China Will NEVER Forgive!ğŸ‡¨ğŸ‡³ğŸ‡¯ğŸ‡µ,2025-11-30
166,"China-Japan LIVE | Senkaku Patrols, Travel Warning: China-Japan Row Over Taiwan Escalates",2025-11-18
167,CHINA SLAMS JAPAN WITH BRUTAL Taiwan History Allegations; Declares 'Tokyo Has No Right To Comment',2025-11-20
168,Japan Threatens China Over Taiwan - Chinese Destroying Japanese Economy,2025-11-18
169,China & Japan Involved In A War Of Words Over Taiwan | Explained | 4K | N18G,2025-11-20
170,"Japan, China 'Clash' Near Disputed Islands As Xi & Takaichi Trade Barbs Over Tokyo's Taiwan Stance",2025-12-02
171,Japan Crosses Chinaâ€™s Red Line: Takaichi Ignites Firestorm Over Taiwan,2025-12-04
172,Japan threatens military intervention if China invades Taiwan,2025-11-18
173,Japan Seeks to Calm China After Taiwan Furor | The China Show 11/18/2025,2025-11-18
174,"Japanâ€“China Row Over Taiwan Escalates: Flights Cancelled, Films Delayed | Vantage With Palki Sharma",2025-11-18
175,China-Japan spat hits Beijingâ€™s Japanese restaurants as cancellations surge,2025-12-02
176,Why Chinaâ€™s Military Cannot Defeat Japan Alone?,2025-11-18
177,Taiwan president shows support for Tokyo with photo of sushi as China-Japan rift deepens,2025-11-20
178,The China-Japan-Taiwan Crisis Explained | Angelo Giuliano @Reporterfy,2025-11-20
179,China warns Japan itâ€™s READY FOR WAR in explosive video as missile launchers moved near to Taiwan,2025-11-24
180,Backlash for PM Wongâ€™s Comments on China-Japan Tension & Tiong Bahru Flats Fail HIP Vote | #745,2025-11-26
181,China vs Japan LIVE: Japan-China Standoff over Disputed Senkaku Islands Escalates | Takaichi vs Xi,2025-12-02
182,China-Japan Tensions Flare Over Takaichiâ€™s Taiwan Comments,2025-11-21
183,Japan-China Showdown LIVE: Missile Deployment Near Taiwan Sparks Fears of War | WION,2025-11-27
184,HasanAbi on the China/Japan Situation,2025-11-30
185,"China Vows Japan Will â€˜Pay Painful Priceâ€™, Trump Advises Takaichi to 'Temper the Toneâ€™ on Taiwan |4K",2025-11-27
186,LIVE: Chinaâ€“Japan Rift Widens | Regional Security Concerns Rise as Diplomatic Clash Deepens,2025-11-24
187,China vs Japan: Is US backing Tensions Over Taiwan?,2025-11-27
188,Taiwan Readies â€˜Unyieldingâ€™ Army As China Warns Japan of â€˜Directâ€™ Hit Over Takaichiâ€™s â€˜Mistakeâ€™ | 4K,2025-12-03
189,Why China Is Escalating Pressure On Japan As Part Of 'Kill Chicken To Scare Monkey' Policy? Watch,2025-11-26
190,Chinaâ€™s 100-Ship Deployment Intensifies Rising Tensions With Japan and Taiwan,2025-12-05
191,Japan-China Clash | What Should Be Done?,2025-11-23
192,US Trains Troops In Japan Base Near Taiwan For China Attack As Tokyo-Beijing Engage In New Clash| 4K,2025-12-02
193,Do Japanese really want war with China?! I asked them about Taiwan.,2025-12-04
194,Taiwan Supports Japan Amid Diplomatic Row With China,2025-11-21
195,Show of Force: China Masses 100 Ships as Trump Backs Taiwan and Japanâ€™s Takaichi | EP728,2025-12-05
196,China-Japan Tensions: Reports Suggest Trump Told Takaichi To Lower Volume On Taiwan | World DNA,2025-11-28
197,Japan initiates missile deployment on Yonaguni as China relations worsen,2025-11-24
198,LIVE: Trump Advises Japanese PM Sanae Takaichi Not to Provoke China Over Taiwan| Xi Jinping,2025-11-29
199,"China Calls for a China-Japan War, but Theyâ€™re Doomed to Loseâ€”Gamblers Never Win",2025-12-04
200,"China Slams Japan's ""Threat"" To Sink Aircraft Carrier, ""Fujian Will Prove Itself In Combat"" | 4k",2025-11-30
201,China Japan Clashes LIVE: Military Tensions Flare Over Disputed Islands | Vantage with Palki Sharma,2025-12-04
202,"JAPANâ€™S BIGGEST NIGHTMARE: China Buys Toyota, Honda & Nissan as Auto Market Collapses",2025-11-14
203,"Taiwan says Beijing weaponising trade, tourism amid China-Japan row | East Asia Tonight (Nov 20)",2025-11-20
204,Tokyo's Stunning Claim: Xi's J-15 Jets Locked 'Weapons Radar' On Japan's F-15s Amid Taiwan Tensions,2025-12-07
205,China is Censoring Japanese Artists even in the middle of their performance! #onepiece #jpop #china,2025-12-03
206,"â€œIf Japan Dares to Interveneâ€¦â€ China Tells PM Takaichi To Retract ""Egregious"" Taiwan Remark | 4K",2025-11-13
207,"China Vs Japan Over Taiwan Heats Up: Furious Xi Dares Takaichi With This Warning, Beijing Says...",2025-11-27
208,Why Is Taiwan Putting China and Japan on Edge? #taiwan #china #japan,2025-11-18
209,Takaichi shreds legacy of China-Japan diplomacy,2025-11-22
210,LIVE: China-Japan ALL-OUT War Soon? Japan PM Takaichi DARES Xi Jinping over Taiwan,2025-11-25
211,"Chinaâ€™s Japan meltdown: The threat, the silence â€” and the backfire",2025-11-20
212,"How Does the Alliance Manage China, Japan, and Russia Relations? | ROK-U.S. Strategic Forum 2025",2025-12-05
213,BREAKING: China Warns of Force as Tensions Rise with Japan,2025-11-28
214,Japan Plans Missile Export to Philippines While China Reacts Fiercely,2025-12-01
215,Einar Tangen: The U.S. Instigates Japan-China Conflict,2025-11-30
216,"Japan, Taiwan Monitoring China's Increased Maritime Activitiesï½œTaiwanPlus News",2025-12-06
217,Japan seeks to calm escalating row with China over Taiwan | REUTERS,2025-11-17
218,BREAKING: Japan and China Tensions Rise After Taiwan stance,2025-11-26
219,China Vs Japan Over Taiwan Now: Watch | War Of Words After 'Cut Off Dirty Head' Shocker Signals...,2025-11-12
220,"Takaichi Faces Xi's Wrath: China Sets The Record Straight For Japan with â€˜Behave!â€™, Cancels G20 Meet",2025-11-21
221,"â€œFar From Adequateâ€ â€” China Rejects Takaichiâ€™s Taiwan Remarks, Warns Japanâ€™s Stance ""Unacceptable""",2025-12-04
222,This anti-China troll from Japan failed spectacularly!,2025-12-04
223,'KILL AMERICANS': Chang sounds alarm on how China uses US technology,2025-12-01
224,China Cuts Off Japanâ€™s Lifeline - After Japan Blocks 110 Chinese Tech Companies,2025-11-25
225,Video of Japan envoyâ€™s â€˜bowâ€™ to Chinese counterpart sparks complaint,2025-11-21
226,China-Japan Conflict Heats Up! Chinese Extremism and Disruptive Behavior Spark Outrage in Japan,2025-11-19
227,"Japan vs China LIVE | Japan-China Row Over Taiwan: Flights Cancelled, Films Delayed | Palki Sharma",2025-11-19
228,"China-Japan Spat Flares: Hong Kong â€˜Cornersâ€™ PM Takaichi, Freezes Ties After TaiwanÂ â€˜Explosionâ€™",2025-11-24
229,China-Japan Taiwan Tensions Escalate | Regional Stakes Rise Amid Diplomatic Standoff,2025-11-22
230,Japan Threatens To ATTACK China,2025-11-12
231,BREAKING: China Challenges Japanâ€™s Conduct After Radar Dispute,2025-12-09
232,China Slams Japan Over â€˜Consistent Positionâ€™ On Taiwan: â€œWonâ€™t Get Away With Itâ€,2025-11-26
233,China Issued a Threat to Japan.,2025-11-15
234,"Japan Plans Missile Unit on Yonaguni, Russia Issues Warning | wion",2025-11-28
235,How Taiwan comments ignited a Chinaâ€“Japan clash | Senkaku/Diaoyu Islands Standoff,2025-12-03
236,What would happen if Japan and China went to war?  #unitedstates  #history #geohistory #japan,2025-11-15
237,UN reiterates one-China position after Japan PM's Taiwan remarks,2025-11-18
238,Japan Accuses Chinese Jets of Locking Fire-Control Radar on Its Jets | World DNA News,2025-12-08
239,"Japan Deploys Missiles Near Taiwan, China Fumes at Attempt to â€œProvoke Military Confrontationâ€ |4K",2025-11-24
240,China-Japan Tensions Escalate As Takaichi's Remarks Labelled 'Provocative' | WION World DNA,2025-11-20
241,JAPAN und CHINA STEHEN SICH WEGEN TAIWAN GEGENÃœBER: Was haben die vor? | @VisualPolitikDE,2025-12-09
242,Trumpâ€™s Surprise Call to Japan PM Takaichi raise China Tensions,2025-11-25
243,China-Japan tensions mount over Takaichi's remarks on Taiwan,2025-11-18
244,China-Japan fallout continues,2025-11-26
245,Japan-China spat: Tourism hit badly,2025-11-20
246,"LIVE | New Japan-China Face Off Around Senkaku Island Near Taiwan, Xi Dares Takaichi With Invasion?",2025-12-03
247,Japan PM Takaichi's BIG MESSAGE To Xi Jinping At G20 Amid Escalating China-Japan Tensions,2025-11-21
248,The End of Japanâ€™s Pacifist Dream? | Documentary World View - AT,2025-11-27
249,Japan is very mad at China for rhetoric in reference to Taiwan,2025-11-14
250,Trump-Xi Call & Taiwan Tensions: Decoding US-China-Japan Dynamics,2025-11-27
251,China: Japan's weapons deployment plan 'extremely dangerous',2025-11-25
252,South China Sea EXPLODES: China & Japan CLASH over Miyako Islands| Taiwan Tensions SOAR| All-Out WAR,2025-12-08
253,"12 China-Japan flight routes canceled amid tensions over Takaichi, impacting over 540,000 bookings",2025-11-25
254,"China-Japan Tensions: Japan Will Pay 'Painful Price' If Steps Out Of Line Over Taiwan, China says",2025-11-27
255,China-Japan fallout continues as Takaichi refuses to backdown,2025-11-26
256,1937-1941 : Japan's war in China  | PURE WW2,2025-11-27
257,China-Japan Diplomatic tension| Pakistan Blast| China Coast Guard| East China Sea| NewsX World,2025-11-16
258,China -Japan Fighat ğŸ˜² |#china #japan #xijinping #takaichi #taiwan #geopolitics,2025-12-01
259,Japan vs China: The Hidden Truth About Japanâ€™s â€œNo-Armyâ€ Defence! | Explained by Ankit Awasthi Sir,2025-11-19
260,Xi 'Teases' Japan On War: Chinese Cutters Storm Into Taiwan Waters For Showdown | 'GO AWAY ELSE...',2025-11-23
261,Analysis: US Approves Taiwan Arms Deal as China-Japan Tensions Rise | Taiwan Talks,2025-11-24
262,Breaking: Sanae Takaichi Acknowledges Taiwan Belongs to China,2025-12-03
263,Is China Better Than Japan?,2025-11-30
264,"Japan and Taiwan Companies Flee China Together! Canon Shuts Factory, Foxconn Lays Off 100,000",2025-11-30
265,"East Asia on alert: China, Japan confrontation deepens",2025-11-26
266,China urges Japan to retract Taiwan remarks,2025-11-18
267,Takaichi Says Japan Keeps All Dialogue Channels Open With China,2025-11-24
268,China Japan Clashes LIVE: Military Tensions Flare Over Disputed Islands | Vantage with Palki Sharma,2025-12-04
269,à¤šà¥€à¤¨ à¤¨à¥‡ à¤§à¤®à¤•à¤¾à¤¯à¤¾ à¤œà¤¾à¤ªà¤¾à¤¨ à¤•à¥‹ !#youtubeshorts #shortvideo #viral #politics #japan #china #trending #taiwan,2025-12-09
270,"China at Japan, muling nagkainitan sa pinag-aagawang teritoryo",2025-12-02
271,"China-Japan Showdown LIVE: Explosive Taiwan Clash Spirals; Airlines, Films Caught In Fallout | WION",2025-11-20
272,"200secs! In rebuke, Mao Ning cites four key China-Japan documents against 'overreaction' allegations",2025-11-17
273,GLOBALink | Japanese take to streets showing anger with PM Takaichi's erroneous Taiwan remarks,2025-11-29
274,Japan Should Take Chinaâ€™s Retaliatory Warning Seriously,2025-11-18
275,China Vs Japan Tensions Escalate Over Disputed Island In East China Sea; Conflicting Reports Surface,2025-12-03
276,Japan Without Chinese Tourists Now!? Travel Chance Has Come Before the Christmas! Ep.612,2025-11-26
277,Japan Declares Crypto War on ChinağŸš¨Trump Backs Ripple vs BanksğŸ”¥,2025-11-17
278,Is Japan Really Attacking China?,2025-11-15
279,Japan Warns China: à¤œà¤¾à¤ªà¤¾à¤¨-à¤šà¥€à¤¨ à¤®à¥‡à¤‚ à¤œà¤‚à¤— à¤ªà¤•à¥à¤•à¥€! Breaking News | Fighter Jet Conflict |Taiwan Tension War,2025-12-07
280,"Putin smacked NATO, Ukr troops withdraw, China's Jets lock on Japan, Europe buys RUS sanctioned wood",2025-12-08
281,Rising Tensions between Japan & China Over Taiwan #china #japan #taiwan #usa #ytshorts,2025-11-20
282,"China à¤•à¥‡ à¤–à¤¿à¤²à¤¾à¤« à¤¸à¥‡à¤¨à¤¾ à¤‰à¤¤à¤¾à¤°à¥‡à¤—à¤¾ Japan, à¤­à¤¡à¤¼à¤•à¥‡ Xi Jinping, Taiwan à¤ªà¤° à¤¹à¤®à¤²à¤¾?|Duniyadari",2025-11-20
283,Why Japan Canâ€™t Stop Chinaâ€™s Unification,2025-11-22
